ProductKey,ProductAltKey,ProductName,ProductModel,ProductValue,ProductUnit,ProductQuantity,ProductSource
253724,1,Zathin,Highlander,2599,PLN,193,Mycat
697901,2,Fix San,Corvette,2278,IDR,772,Zoonoodle
486078,3,Sonsing,Cordia,3029,THB,511,Trilia
673228,4,Bytecard,Diamante,2502,EUR,460,Yoveo
388585,5,Flowdesk,Alcyone SVX,2439,DOP,368,Vimbo
779867,6,Tres-Zap,Escalade,2958,GBP,718,Eire
581903,7,Duobam,Aspen,804,XCD,934,Rhyloo
737059,8,Fixflex,Bronco II,2036,PHP,823,Zooveo
527575,9,Gembucket,Tacoma,635,KHR,284,Skidoo
525803,10,Fix San,626,3075,AFN,359,Quamba
525120,11,Cardify,LS,2603,IDR,660,Wikizz
787581,12,Solarbreeze,Pilot,2962,RUB,565,Izio
526367,13,Asoka,Sunfire,1365,ARS,553,Brainverse
327701,14,Ronstring,S6,2043,COP,189,Yotz
395934,15,Matsoft,XC70,3371,CNY,267,Centizu
659266,16,Aerified,900,3916,HRK,756,Snaptags
526776,17,Fix San,Tribute,1651,EUR,887,Jetwire
984387,18,Kanlam,Yukon XL 1500,449,IDR,436,Jaxworks
127144,19,Namfix,Club Wagon,1513,PHP,145,Brainlounge
563856,20,Latlux,Mirage,425,THB,447,Zoonoodle
967677,21,Tresom,Impala,2386,NIO,998,Fanoodle
330567,22,Sonsing,350Z,2443,IDR,534,Shuffledrive
783476,23,Tempsoft,Vibe,3127,PKR,931,Voomm
103360,24,Sonsing,Envoy,2903,NOK,864,Abata
198991,25,Job,Suburban 1500,2467,CZK,886,Jabbertype
117924,26,Namfix,GTI,3769,IDR,742,Mudo
519377,27,Konklab,L300,2797,RUB,591,Digitube
242593,28,Veribet,PT Cruiser,1616,AUD,830,Flashset
558567,29,Alphazap,Jetta,477,CNY,186,Vidoo
241601,30,Biodex,300,972,ALL,123,Myworks
632925,31,Voltsillam,Touareg,645,PHP,764,Thoughtsphere
359140,32,Stringtough,LeSabre,3221,KRW,477,Janyx
102531,33,Y-Solowarm,Excel,355,RUB,905,Dabtype
427682,34,Zaam-Dox,Ram 3500,2891,RUB,821,Tavu
165570,35,Fix San,D150 Club,1961,RUB,669,Babbleblab
846644,36,Bitwolf,Express 2500,1323,MYR,291,Meevee
573190,37,Lotlux,Viper,1466,ZMW,828,Voolia
292221,38,Toughjoyfax,Diamante,3551,EUR,276,Feednation
757489,39,Bigtax,Cabriolet,2108,AFN,546,Mydeo
513485,40,Kanlam,Marauder,3034,MYR,946,Gigashots
297085,41,Zontrax,Colorado,814,CNY,960,Brightdog
129183,42,Sub-Ex,Spyder,2015,BRL,448,Gabvine
267591,43,Zontrax,5 Series,2786,XPF,555,Feedfish
537800,44,Tres-Zap,Leganza,1102,IDR,592,Jetpulse
499741,45,Tresom,CTS,1888,SYP,672,Blognation
926792,46,Aerified,Eclipse,1480,EUR,980,Avaveo
762772,47,Ronstring,Thunderbird,3388,ARS,265,Eare
975814,48,Mat Lam Tam,Lancer,1778,IDR,732,Jabberstorm
845357,49,Sonair,Safari,523,PHP,371,Fadeo
955593,50,Y-Solowarm,Camry,1144,XCD,680,Oyoba
129847,51,Alphazap,Yukon XL 1500,409,IDR,250,Vipe
451649,52,It,Grand Marquis,1628,JOD,239,Mudo
813842,53,Konklux,Continental,2546,JPY,671,Jetpulse
490862,54,Stringtough,VUE,2233,RUB,998,Edgeify
532568,55,Pannier,2500 Club Coupe,217,IDR,456,Thoughtblab
414011,56,Subin,Esprit,502,CAD,824,Photofeed
542928,57,Redhold,57,1652,EUR,982,Blogpad
413481,58,Sub-Ex,xB,2719,CNY,128,Shufflebeat
965209,59,Job,LTD Crown Victoria,1494,ARS,541,Skinte
477634,60,Bamity,Impreza,949,OMR,976,Vimbo
319452,61,Tempsoft,Axiom,405,EUR,633,Katz
589875,62,Daltfresh,Yukon XL 2500,881,KZT,170,Vinder
201156,63,Bamity,CLS-Class,2608,PLN,961,Brainbox
990963,64,Cookley,SLK-Class,1164,CNY,684,Eamia
324702,65,Zathin,Zephyr,3870,BOB,397,Browsetype
717631,66,Zamit,Azera,2270,IDR,672,Yodoo
181937,67,Mat Lam Tam,98,3538,SEK,652,Realblab
664988,68,Namfix,MR2,2187,CNY,132,Zoombox
226133,69,Wrapsafe,Mazda5,2029,NPR,667,Podcat
127838,70,Lotlux,Rendezvous,2903,RUB,650,Voolia
772598,71,Hatity,Expedition,3141,THB,846,Oyope
125194,72,Andalax,Town Car,3707,JPY,448,Edgeify
256363,73,Vagram,F150,3705,AFN,293,Jayo
291107,74,Matsoft,Ram 2500,2384,NGN,552,Oloo
937234,75,Overhold,Accord,1333,IDR,522,Edgeclub
126892,76,Pannier,Boxster,2502,EUR,772,Leenti
932846,77,Namfix,Ridgeline,3479,PHP,832,Zoovu
180680,78,Tresom,Mustang,403,CNY,517,Flashpoint
925362,79,Konklux,Eldorado,3835,COP,971,Zazio
923340,80,Temp,JUKE,621,JOD,333,Zoomlounge
225602,81,Aerified,Lucerne,3520,UAH,462,Gabtype
588702,82,Flexidy,Express 2500,3227,CNY,433,BlogXS
464509,83,Aerified,Xterra,799,MAD,372,Skidoo
780001,84,Transcof,TSX,2777,IDR,948,Livepath
870729,85,Trippledex,Cougar,3694,CNY,374,Wordware
330776,86,Voyatouch,Previa,1674,JPY,727,Realcube
103654,87,Tresom,Sierra 1500,2135,CNY,951,Jabbersphere
427140,88,Tres-Zap,Mirage,3792,ARS,300,Dabtype
976550,89,Latlux,Eldorado,460,VEF,963,Voonix
827030,90,Treeflex,Explorer Sport Trac,2523,USD,807,Realbuzz
445117,91,Flowdesk,GS,3152,DOP,566,Jetwire
620583,92,Voltsillam,Cougar,1911,EUR,681,Jabberstorm
934104,93,Home Ing,Aerostar,1235,PHP,920,Ntags
266818,94,Veribet,Century,909,KMF,975,Gigazoom
498782,95,Trippledex,Continental GTC,2112,CNY,881,Feedfish
863003,96,Tin,Neon,331,AMD,151,Skipfire
855502,97,Domainer,FX,1905,MAD,842,Browsezoom
161195,98,Voltsillam,Q,3586,JPY,563,Realbridge
299143,99,Greenlam,Explorer,3684,IDR,566,Quinu
762692,100,Transcof,Pajero,731,PHP,752,Camimbo
781189,101,Bytecard,Insight,3694,UAH,730,Talane
677774,102,Alpha,B-Series,3090,MXN,143,Divanoodle
269788,103,Y-Solowarm,Grand Prix,2422,PHP,246,Snaptags
245634,104,Duobam,Veloster,3291,VEF,978,Quatz
308945,105,Kanlam,Express 2500,2507,JMD,584,Yakijo
830708,106,Konklab,Ram 1500,3797,IDR,828,Cogibox
511764,107,Bitwolf,Windstar,2762,CNY,697,Tagpad
335331,108,Sonsing,Pathfinder,2187,CNY,371,Wikido
190126,109,Fixflex,325,1135,CNY,594,Aivee
351322,110,Lotlux,Sorento,975,EUR,566,InnoZ
364311,111,Andalax,Taurus,3583,BOB,527,JumpXS
816927,112,Stringtough,Edge,2810,RUB,461,Kazio
367166,113,Prodder,Prowler,796,BRL,105,Divanoodle
496164,114,Temp,S-Class,2817,MNT,264,Skyba
338423,115,Zathin,Savana 1500,2465,JPY,515,Edgeify
334423,116,Flowdesk,riolet,2192,PHP,509,Abata
800984,117,Bigtax,7 Series,2372,CNY,115,Skiptube
672021,118,Trippledex,Firebird,2069,UAH,974,Edgetag
933208,119,Latlux,Regal,373,PHP,440,Izio
113172,120,Cardguard,E250,3324,CNY,763,Youspan
879550,121,Rank,Matrix,2967,IDR,577,Yombu
626247,122,Flexidy,500SEL,3481,CNY,964,Voolith
852501,123,Fix San,Corolla,1782,PLN,632,Topdrive
925663,124,Home Ing,B-Series,3970,USD,570,Latz
271136,125,Zathin,350Z,1146,CNY,822,Teklist
705368,126,Voltsillam,Vision,3090,CNY,577,Snaptags
599551,127,Sonsing,Cooper Countryman,3697,CAD,818,Youspan
291471,128,Alpha,F250,3510,EUR,549,Quinu
375506,129,Tampflex,Ram Van 3500,1891,EUR,914,Flashdog
690499,130,Lotlux,Escalade EXT,2441,PHP,697,Kimia
720188,131,Gembucket,Mustang,2594,PHP,877,Gabtune
477432,132,Namfix,V70,550,SEK,865,Photobug
194625,133,Bitchip,300M,1975,PHP,301,Mymm
403170,134,Sonair,Impreza,818,EUR,239,Kamba
384177,135,Tin,EV1,3856,PHP,301,Twitterbridge
648227,136,Redhold,Ram Van 1500,3977,PLN,391,Aimbu
963875,137,Home Ing,F350,281,BRL,635,Bubbletube
708417,138,Subin,Regal,2178,NZD,148,Yacero
289044,139,Stringtough,Envoy,3771,ZAR,633,Flipstorm
364756,140,Cookley,Mustang,3404,NZD,116,Npath
419188,141,Fix San,Windstar,3149,XAF,750,Mydeo
631276,142,Voyatouch,300M,2324,SEK,554,Aibox
459741,143,Zaam-Dox,Grand Prix,1687,UAH,376,BlogXS
228472,144,Transcof,G-Class,2461,UAH,846,Tavu
263333,145,It,Sienna,2966,IDR,981,Zoombeat
670436,146,Namfix,Express 3500,382,JPY,552,Midel
785364,147,Zamit,Exige,2550,BRL,625,Livepath
186728,148,Flexidy,Town Car,2831,TJS,888,Avamm
904034,149,Lotlux,Express 2500,1541,ZAR,435,Zoomdog
310239,150,Sonsing,Esperante,3268,CZK,193,Oodoo
765022,151,Quo Lux,B-Series,3445,VND,633,Zooxo
437957,152,Bytecard,Tracker,2264,CNY,528,Leenti
985538,153,Hatity,S-Class,3008,CNY,549,Devbug
164763,154,Toughjoyfax,3 Series,2955,PEN,254,Voolith
522968,155,Trippledex,Voyager,3079,BHD,672,Centimia
625530,156,Alphazap,Vantage,1041,PHP,454,Oyondu
466090,157,Tin,Camaro,1658,CNY,519,Tambee
949383,158,Kanlam,Silverado 2500,3613,CNY,630,Linklinks
844555,159,Y-find,370Z,3103,EUR,406,Divape
873992,160,Namfix,Murciélago,413,BRL,244,Katz
419445,161,Ronstring,Xtra,2519,MXN,462,Eimbee
462338,162,Job,Colt,2360,IDR,600,Skidoo
452709,163,Temp,V8,2559,MYR,976,Tagopia
588858,164,Y-find,Passat,1340,IDR,151,Eamia
808435,165,Fintone,G-Series G20,2523,BRL,562,Rhyloo
846727,166,Tres-Zap,Pathfinder,1017,DKK,292,Flashset
551722,167,Veribet,F150,374,EUR,488,Trilith
326189,168,Toughjoyfax,Swift,2610,UAH,789,Midel
300833,169,Sonair,Accord,3377,THB,493,Centimia
668631,170,Fintone,3500 Club Coupe,363,EUR,296,Twinte
519778,171,Domainer,DeVille,3349,PLN,773,Izio
722286,172,Cardify,350Z,658,RUB,472,Brightbean
412622,173,Fintone,9-5,958,COP,301,Aivee
988204,174,Flowdesk,Savana 3500,3612,EUR,774,Dabtype
327826,175,Greenlam,Grand Prix,3310,EUR,568,Eare
985957,176,Opela,Mustang,2858,RUB,835,Centidel
918495,177,Zontrax,GS,1117,CDF,109,Skyvu
334767,178,Duobam,Mountaineer,3526,UAH,718,Voonder
536095,179,Wrapsafe,Equator,845,RUB,761,Youbridge
228600,180,Pannier,Galant,1466,ALL,516,Oodoo
310920,181,Konklab,Pathfinder,2252,IDR,501,Skyvu
541188,182,Tampflex,G-Series G20,1958,RUB,332,Bubblebox
775533,183,Veribet,XJ Series,648,CNY,427,Devcast
838696,184,Prodder,928,859,USD,903,Buzzshare
814925,185,Toughjoyfax,Avalanche 1500,822,SEK,701,InnoZ
930607,186,Regrant,XK,272,IDR,355,Devshare
612244,187,Tin,Talon,3780,USD,142,Chatterpoint
468891,188,Ventosanzap,Camaro,1406,GBP,852,Ailane
445810,189,Ronstring,GTO,2403,CNY,959,Oyope
691094,190,Asoka,S-Series,2472,USD,281,Skimia
701291,191,Sonsing,HS,3750,EUR,625,InnoZ
202448,192,Bitchip,Pajero,2647,EUR,566,Dynazzy
550155,193,Quo Lux,Civic,912,TZS,202,Quire
563068,194,Alpha,FX,2986,MGA,903,Jabbersphere
681109,195,Stronghold,Corvette,662,KPW,915,Realbuzz
349858,196,Redhold,Corrado,2041,IDR,693,Meevee
307190,197,Zontrax,Biturbo,3087,PLN,104,Mydeo
450560,198,Otcom,Sierra 2500,460,RUB,121,Vipe
631205,199,Veribet,MKS,3849,BRL,755,Thoughtsphere
347256,200,Otcom,Truck,3219,IDR,419,Shuffletag
913164,201,Voltsillam,G,3199,CNY,226,Roomm
276335,202,Latlux,Viper RT/10,1951,MKD,301,Realcube
801401,203,Treeflex,Previa,2223,RUB,650,Topicshots
904313,204,Pannier,MPV,3896,SAR,852,Devify
453214,205,Trippledex,ES,2566,EUR,733,Flashset
920266,206,Pannier,Integra,354,BRL,459,Bluezoom
305259,207,Ronstring,Astro,1769,BRL,816,Rhynyx
344971,208,Mat Lam Tam,Impreza,596,YER,643,Gabtune
826417,209,Vagram,Compass,2941,CAD,193,Skimia
783324,210,Hatity,Golf,3329,PHP,175,Zava
315722,211,Latlux,A3,1456,CNY,368,Dabshots
117819,212,Matsoft,RL,3233,IDR,841,Oba
669005,213,Fix San,Pajero,660,MGA,705,Yacero
244212,214,Redhold,Sunbird,3353,DJF,336,Babblestorm
508007,215,Temp,M,2177,IDR,793,Brainverse
944197,216,Voyatouch,Cherokee,1386,ZAR,231,Layo
643309,217,Alphazap,SL-Class,3674,SOS,358,Zoomlounge
976797,218,Fix San,E-Class,645,IDR,656,Rhynoodle
654692,219,Holdlamis,Riviera,351,CUP,480,Oyope
657609,220,Cookley,GX,1827,RUB,748,Eare
943530,221,Daltfresh,Ram,1299,BDT,591,Gabvine
892753,222,Zontrax,Corolla,3273,AFN,729,Digitube
731586,223,Job,Mazda5,1823,KZT,274,Twitternation
591199,224,Biodex,Z3,703,IDR,480,Divape
770373,225,Treeflex,LeMans,3782,EUR,321,Tazzy
104373,226,Tres-Zap,Continental Flying Spur,3556,BAM,414,Linklinks
305609,227,Tresom,Civic Si,1713,JPY,989,Feednation
544968,228,Lotstring,Regal,1846,CNY,848,Jamia
618972,229,Zoolab,MPV,1534,CNY,633,Trupe
537078,230,Fix San,Impala,3352,NZD,664,InnoZ
383106,231,Duobam,RDX,3264,MYR,104,Wordtune
552534,232,Bytecard,Cherokee,1771,PHP,724,Vidoo
520370,233,Fixflex,57,1161,EUR,717,Centimia
356909,234,Otcom,Spectra,2665,IDR,707,Mita
801027,235,Treeflex,S2000,558,USD,193,Zoozzy
447056,236,Alpha,E-Class,1178,CNY,847,Trunyx
687538,237,Matsoft,Echo,1131,PLN,403,Quimba
702990,238,Flexidy,Caliber,2141,JPY,299,Livetube
310421,239,Y-find,EX,2786,CZK,674,Ntag
671869,240,Rank,Legacy,3169,NZD,247,Twitterworks
642144,241,Stringtough,Mazda3,1353,BOB,177,Youfeed
172283,242,Flexidy,CL-Class,3539,BRL,367,Avamm
599248,243,Y-find,Corvette,1035,AMD,667,Trilia
439286,244,Temp,Concorde,244,EUR,709,DabZ
129492,245,Quo Lux,Raider,2938,UAH,949,Pixonyx
433251,246,Flowdesk,Century,980,CNY,937,Topicware
707430,247,Hatity,V50,942,CNY,427,Digitube
880282,248,Alpha,Trans Sport,1820,JPY,784,Mita
913715,249,It,Mustang,3201,PHP,642,Blognation
442154,250,Bytecard,Savana 3500,3535,PLN,584,Flashdog
502904,251,Wrapsafe,Durango,801,IDR,933,Blogtag
139702,252,Bigtax,G-Series G30,962,CNY,882,Wordware
180532,253,Cardify,IS-F,241,RUB,951,Blogspan
605393,254,Bitchip,Patriot,2592,VND,189,Jatri
980722,255,Zoolab,Escort,2626,PHP,442,Twitterworks
360431,256,Daltfresh,Tiburon,1836,CNY,557,Dabvine
499597,257,Ventosanzap,Tahoe,1512,VND,594,Thoughtworks
785181,258,Stim,MX-5,3005,IDR,794,Oyoba
703483,259,Bitchip,Solstice,2840,CNY,963,Jayo
751395,260,Home Ing,MX-6,3776,CNY,964,BlogXS
424213,261,Keylex,S2000,2433,CZK,525,Zooveo
318633,262,Greenlam,A8,1879,PLN,717,Rhycero
158049,263,Ronstring,Regal,3904,IDR,551,Oloo
932971,264,Tresom,Discovery,2651,PLN,740,Zoonder
108252,265,Fix San,Discovery,636,ARS,269,Pixonyx
533225,266,Tampflex,Grand Caravan,2888,IDR,669,Kare
753482,267,Sonsing,Sonoma,2098,SEK,978,Livetube
831804,268,Fintone,Sierra 1500,651,EUR,311,Topicstorm
177710,269,Ronstring,F150,3965,NOK,676,Browsecat
977700,270,Zamit,Camry,3022,EUR,109,Kamba
778509,271,Prodder,E-Series,3615,BRL,603,Brainverse
257415,272,Bytecard,Grand Voyager,1828,USD,379,Quaxo
800810,273,Stronghold,911,1590,CNY,765,Realblab
422631,274,Tempsoft,Tribute,760,GTQ,646,Fivespan
553427,275,Zoolab,Grand Marquis,3129,CNY,397,Dynabox
478826,276,Voyatouch,98,2218,IDR,894,Zooxo
331984,277,Bitchip,TL,3306,TMT,411,Izio
476458,278,Toughjoyfax,Bonneville,1356,PHP,599,Zoozzy
398471,279,Wrapsafe,Catera,592,CNY,349,Yata
743106,280,Fixflex,Nitro,2028,CNY,275,Jatri
282587,281,Zathin,Probe,1437,EUR,416,Shufflebeat
823316,282,Tempsoft,Leganza,1044,IDR,302,Demimbu
403434,283,Regrant,LR2,1798,PKR,175,Realfire
385962,284,Bytecard,Neon,3490,BRL,940,Linkbridge
203825,285,Toughjoyfax,Clubman,1961,CNY,599,Centidel
615342,286,Otcom,ZX2,498,MYR,680,Camimbo
142755,287,Latlux,Galant,1997,CNY,387,Bubblebox
681707,288,Tres-Zap,90,3332,COP,679,Roombo
471523,289,Holdlamis,F430 Spider,2236,SEK,451,Eimbee
485443,290,Job,RX Hybrid,416,JPY,516,Buzzshare
484418,291,Cookley,C30,1166,DOP,120,Photobug
600493,292,Opela,G-Class,867,PHP,815,Pixope
380167,293,Alpha,9-5,2972,CNY,236,Mynte
620893,294,Span,Skylark,2743,RSD,247,Aimbu
882004,295,Duobam,Reno,3324,PHP,418,Linkbridge
846554,296,Zathin,Murciélago,1774,IDR,860,Jabbersphere
294966,297,Gembucket,Caravan,2757,SYP,746,Chatterbridge
833294,298,Fixflex,Range Rover,3534,SLL,107,Riffpath
903786,299,Span,Eclipse,765,GBP,310,Linklinks
237498,300,Overhold,Yaris,1370,EUR,115,Skidoo
135904,301,Holdlamis,Spectra,1731,EUR,481,Linktype
226834,302,Flexidy,Ram 3500,810,USD,358,Mudo
759828,303,Stronghold,Compass,1278,CNY,396,Skivee
248503,304,Greenlam,Flex,343,HRK,295,Devbug
299213,305,It,Civic,3500,JPY,815,Cogibox
587882,306,Zoolab,LSS,593,CNY,274,Yodo
944422,307,Ronstring,4000CS Quattro,3798,CNY,153,Youspan
583099,308,Job,Corolla,3198,IDR,252,Aimbu
952924,309,Quo Lux,LS,1347,EGP,281,Yombu
919155,310,Kanlam,Jetta,2314,USD,775,Topicware
569119,311,Trippledex,745,3362,IDR,682,Janyx
653879,312,Lotlux,Entourage,3557,IDR,985,LiveZ
569769,313,Zaam-Dox,LeSabre,1084,CNY,702,Agimba
327691,314,Tresom,Thunderbird,3745,IRR,987,Midel
334902,315,Namfix,Protege,3502,CNY,648,Divape
148699,316,Toughjoyfax,S-Class,503,CNY,478,Plajo
989408,317,Redhold,GTI,4000,EUR,712,Zoombeat
874432,318,Zoolab,Crown Victoria,1612,EUR,1000,Dabjam
356929,319,Tempsoft,900,310,CNY,412,Topicstorm
248518,320,Flowdesk,M5,2826,CNY,843,Gigabox
284050,321,Span,Brat,916,ARS,919,Photofeed
391101,322,Ventosanzap,Impala,2541,YER,954,Topiclounge
390190,323,Prodder,Durango,1229,PHP,261,Quinu
155298,324,Temp,Forester,3493,MYR,281,Thoughtblab
886780,325,Matsoft,Silhouette,2333,BYR,211,Livetube
198187,326,Hatity,A3,958,PLN,304,Zooveo
458955,327,Flowdesk,Viper,2392,JPY,570,Skyvu
682950,328,Pannier,Continental,1760,EUR,768,Dynazzy
367621,329,Fix San,G-Class,2764,PHP,348,Zoomzone
275429,330,Lotlux,Tahoe,831,PYG,666,Jabberstorm
339783,331,Opela,Routan,1624,MAD,218,Topicshots
723827,332,Prodder,SLK-Class,3263,RUB,641,Centidel
458527,333,Zamit,3500,3738,EUR,336,Viva
685679,334,Zathin,G-Series G10,548,CAD,655,Rhynoodle
720271,335,Gembucket,Firebird Trans Am,3369,BRL,329,Thoughtbridge
621283,336,Fintone,Ascender,2195,IDR,792,Jetwire
689470,337,Duobam,CX,2945,PHP,788,Devpulse
704723,338,Veribet,SLK-Class,2573,PHP,103,Realmix
743198,339,Zoolab,Santa Fe,1452,USD,852,Abatz
381759,340,Gembucket,Integra,917,CNY,979,Dabshots
909427,341,Flexidy,Navigator,2331,CNY,748,Skaboo
833738,342,Voltsillam,Elan,1072,EUR,270,Teklist
537844,343,Cardguard,Seville,527,MRO,936,Linktype
705648,344,Home Ing,Sonata,804,COP,582,Centidel
396823,345,Tin,2500 Club Coupe,3114,PLN,490,Kaymbo
715727,346,Namfix,Sidekick,2612,CNY,177,Camido
776152,347,Ronstring,TSX,1806,BRL,924,Oba
174738,348,Zamit,X6,2961,CNY,824,Browsecat
160550,349,Tres-Zap,Sonoma,3092,EUR,232,Quatz
939179,350,Vagram,Cobalt,1675,ARS,612,Twitterbridge
629916,351,Aerified,F-Series,1612,MXN,307,Yakitri
666099,352,Pannier,Altima,1007,AMD,569,Edgeify
759084,353,Hatity,599 GTB Fiorano,3817,COP,273,Realpoint
306661,354,Home Ing,Quattroporte,2428,EUR,653,LiveZ
617233,355,Biodex,Esteem,3666,CZK,106,Yakitri
368921,356,Bitwolf,A6,1557,THB,483,Blogtag
920039,357,Bamity,6000,1626,KRW,915,Avamba
282902,358,Ventosanzap,Forester,2653,PLN,672,Avaveo
899987,359,Veribet,Tiburon,472,IDR,503,Topicshots
374566,360,Otcom,HS,2589,EUR,287,Oyonder
600677,361,Bitchip,911,731,SEK,205,Mymm
165184,362,Fintone,Sonoma,375,COP,725,Feedfire
931468,363,Zoolab,GL-Class,3725,CNY,888,Meeveo
448311,364,Andalax,4Runner,1037,ZAR,289,Fiveclub
908335,365,Tin,Solara,1947,GTQ,454,Divape
702847,366,Duobam,Grand Am,2236,ARS,404,Edgepulse
863002,367,Keylex,4Runner,920,USD,839,Skimia
655351,368,Trippledex,XF,754,CNY,522,Livetube
873855,369,Trippledex,Type 2,1704,PHP,458,Katz
669103,370,Duobam,C70,841,CNY,591,Yodo
400324,371,Biodex,Town Car,2205,EUR,715,Ozu
611694,372,Alpha,Jimmy,3332,MDL,288,Wikizz
368554,373,Y-find,Outlander,1029,PEN,747,Ntags
380937,374,Tres-Zap,Explorer Sport Trac,744,EUR,941,Vidoo
805736,375,Voltsillam,Bronco,3614,COP,658,Roodel
205581,376,Tresom,Grand Voyager,742,XOF,283,Quinu
907235,377,Voyatouch,LeSabre,536,RUB,849,Gabspot
864944,378,Sonair,Tempest,1929,MYR,541,Photospace
545212,379,Lotlux,Taurus,1268,ARS,470,Youopia
205055,380,Regrant,599 GTB Fiorano,1908,ARS,287,Edgetag
133021,381,Flexidy,Intrigue,3912,CNY,803,Gabtune
571999,382,Rank,Impreza,3092,CNY,395,Voolith
393610,383,Holdlamis,Ram Wagon B150,262,CNY,820,Dabshots
486149,384,Cookley,Express 2500,1373,PHP,712,Yambee
955738,385,Viva,Passat,2633,KMF,546,Cogibox
921714,386,Namfix,Express 3500,227,UYU,621,Mymm
731691,387,Y-Solowarm,RS 4,2647,EUR,451,Blogtag
187007,388,Ronstring,Electra,3728,PLN,529,Zoombeat
611979,389,Tresom,300D,2056,CNY,115,Youspan
946679,390,Stim,Contour,2854,IDR,669,Thoughtmix
361313,391,Flowdesk,MKZ,1481,EUR,467,Agivu
901751,392,Lotlux,LS,3588,USD,549,BlogXS
888711,393,Voltsillam,Endeavor,2259,BRL,546,Gigashots
719421,394,Otcom,Alero,3674,PHP,922,Edgetag
626455,395,Alpha,Excursion,2928,PHP,906,Viva
159133,396,Ventosanzap,Justy,3003,CNY,610,Kwilith
238521,397,Wrapsafe,PT Cruiser,3734,HTG,452,Avavee
343854,398,Fixflex,Express 1500,1727,NIO,610,Devpulse
867822,399,Cardify,G-Series G10,2649,DOP,820,Photojam
184915,400,Duobam,Chariot,3639,IDR,534,Gigabox
651238,401,Kanlam,Solstice,2632,CNY,778,Rooxo
203692,402,Zoolab,Mustang,2035,IDR,578,Zoonoodle
383432,403,Job,Laser,1935,GEL,949,Oba
289004,404,Konklux,Altima,2236,CNY,176,Teklist
402587,405,Fix San,Grand Caravan,2041,PHP,118,Shufflester
964924,406,Latlux,Touareg,2742,CNY,373,Youbridge
882815,407,Daltfresh,S-Class,3069,SEK,484,Dynabox
505491,408,Zaam-Dox,I,1777,EUR,520,Viva
973577,409,Treeflex,Passport,3404,RUB,353,Pixonyx
790207,410,Overhold,LeMans,808,PHP,456,Quimm
384343,411,Greenlam,MKS,1902,USD,143,Edgeify
504161,412,Bigtax,Corsica,3408,IRR,116,Meedoo
985914,413,Treeflex,Thunderbird,2677,AFN,924,Oyope
206674,414,Fintone,Town & Country,1940,BYR,225,Kayveo
418480,415,Stringtough,G37,550,IDR,335,Jabbersphere
952660,416,Biodex,Carens,2734,PHP,1000,Skippad
219639,417,Holdlamis,Prelude,1399,NPR,415,Viva
367225,418,Ronstring,Camaro,2898,CNY,677,Livepath
154448,419,Bigtax,525,1425,MXN,136,Rooxo
392015,420,Otcom,E-Class,2182,BRL,347,Cogilith
667404,421,Sonsing,Sentra,478,CNY,293,Avavee
943659,422,Asoka,Optima,1079,BRL,371,Trunyx
517613,423,Zathin,Suburban 2500,2806,EUR,486,Topicware
249020,424,Fix San,X3,3054,EUR,843,Jabbersphere
292612,425,Trippledex,Aerostar,1075,CNY,957,Twitterworks
567086,426,Solarbreeze,Windstar,941,CNY,768,Kazu
698910,427,Wrapsafe,Coupe,3869,GTQ,869,Meezzy
738322,428,It,Defender 90,967,EUR,768,Blognation
222240,429,Zoolab,Express 3500,940,CNY,530,Zoovu
254681,430,Zamit,Firebird,2556,USD,662,Vitz
488371,431,Stringtough,GX,2830,UAH,109,Devbug
800702,432,Solarbreeze,Passat,3724,CNY,586,Flipbug
241289,433,Tampflex,Tredia,1528,PLN,114,Edgepulse
441790,434,Sonsing,Bronco II,1088,CNY,187,Zoombox
788074,435,Tempsoft,Golf,3138,KRW,675,Cogidoo
257399,436,Y-find,X5 M,562,MXN,470,Trupe
203582,437,Otcom,LX,2138,CNY,762,Topicshots
578110,438,Bigtax,Voyager,775,PHP,946,Yodo
330854,439,Alpha,XK Series,1432,VEF,369,Rhynyx
958702,440,Bytecard,Envoy XL,3580,CNY,758,Photobug
110320,441,Vagram,B2000,1875,PEN,752,Browseblab
326815,442,Toughjoyfax,Q,1340,MMK,710,Rhybox
320827,443,Zathin,CX-9,828,CNY,988,Kwimbee
422571,444,Zamit,Boxster,3712,USD,853,Mycat
665351,445,Zoolab,F150,657,CNY,866,Jaxspan
375861,446,Subin,Astro,1716,CNY,783,Photofeed
991944,447,Namfix,LR3,1028,UAH,271,Minyx
980486,448,Y-find,Sienna,3076,TND,360,Kazu
658097,449,Ventosanzap,Colt Vista,3213,EUR,533,Babblestorm
323180,450,Y-find,Rainier,3771,CNY,613,Oyoba
423744,451,Bitchip,5 Series,791,BDT,591,Devshare
642155,452,Zoolab,Spectra,670,EUR,245,Youbridge
677472,453,Voyatouch,Diablo,390,EUR,412,Quimba
388309,454,Redhold,850,240,MRO,296,Digitube
974423,455,Gembucket,LTD,430,EUR,509,Photolist
438157,456,Prodder,SL-Class,3593,MMK,687,Divape
921453,457,Transcof,9-3,1203,BRL,256,Demizz
172827,458,Treeflex,Phaeton,301,XCD,742,Yakijo
510502,459,Vagram,XJ,3369,UAH,515,Rhyzio
176196,460,Alpha,Edge,725,EUR,902,Aimbu
479755,461,Fixflex,1 Series,2273,MYR,198,Buzzster
759575,462,Aerified,SLR McLaren,648,EUR,973,Voonyx
913602,463,Transcof,A6,2295,IDR,640,Divanoodle
685133,464,Bitwolf,98,1302,EUR,503,InnoZ
465184,465,Flexidy,968,2268,ALL,889,Youspan
120507,466,Tresom,Seville,3494,IDR,344,Devcast
510473,467,Cookley,Fleetwood,3834,PHP,145,Pixoboo
769373,468,Alpha,XJ Series,3003,BRL,248,Skynoodle
706201,469,Greenlam,Colorado,1325,NOK,932,Shufflebeat
826262,470,Fix San,Corolla,1418,PLN,411,Twimm
396423,471,Sonsing,Suburban 1500,940,PHP,121,Blogspan
655143,472,Fixflex,Mighty Max Macro,946,YER,656,Dablist
994944,473,Asoka,SL-Class,3941,JPY,483,Trupe
200147,474,Tres-Zap,SL-Class,2853,IDR,446,Shuffledrive
545408,475,Overhold,ES,3232,XPF,662,Brainbox
803818,476,Zaam-Dox,Navigator,365,ARS,834,Twinte
963674,477,Hatity,Rodeo,922,CUP,917,Centimia
871587,478,Cardify,XL7,992,MXN,944,Izio
959798,479,Stronghold,Quattroporte,1189,THB,435,Aivee
765818,480,Lotstring,Jetta,807,XCD,567,Avaveo
797216,481,Zaam-Dox,Starion,640,ARS,275,Trilith
295999,482,Home Ing,Lancer Evolution,3309,CNY,152,Browseblab
272086,483,Matsoft,MKX,355,IDR,509,Mybuzz
710174,484,Tin,Savana 3500,2912,LYD,234,Yozio
477666,485,Greenlam,Skyhawk,2479,PHP,201,Yakidoo
633662,486,Lotstring,S4,1083,IDR,709,Kaymbo
115017,487,Zoolab,Durango,3119,PEN,944,Voonder
226357,488,Sonsing,1500 Club Coupe,795,USD,550,Realcube
973633,489,Lotlux,Trans Sport,3012,CNY,992,Shuffledrive
238155,490,Duobam,Ram Van 1500,856,IDR,408,Edgeclub
320002,491,Fixflex,CR-V,1470,RUB,680,Myworks
571562,492,Tampflex,Tucson,2135,XAF,395,Vinder
638669,493,Tampflex,DeVille,3555,PHP,667,Mydeo
883988,494,Sub-Ex,S5,563,BDT,829,Realpoint
722431,495,Hatity,Raider,2429,PHP,181,Thoughtstorm
276976,496,Hatity,Defender,919,VEF,509,Flipbug
674622,497,Home Ing,Mystique,2482,SEK,491,Jabbersphere
730015,498,Fintone,Swift,3557,CNY,574,LiveZ
113495,499,Bitwolf,Express 1500,289,CNY,598,Thoughtworks
545008,500,Lotlux,X-Type,203,USD,854,Tazz
113865,501,Ventosanzap,Escalade EXT,837,BRL,108,Fliptune
807460,502,Voltsillam,Dakota,3721,BRL,727,Buzzdog
910741,503,Konklab,Taurus,865,PLN,257,Skidoo
965609,504,Subin,Laser,1836,CNY,777,Mita
368233,505,Domainer,S60,813,AZN,932,Flipopia
701078,506,Toughjoyfax,Impreza,1095,EUR,537,Dabjam
839639,507,Viva,Odyssey,3020,IDR,239,Jabbertype
291749,508,Tampflex,Maxima,3299,EUR,480,Tambee
102643,509,Trippledex,ZDX,1188,JPY,521,Jabberbean
216463,510,Pannier,Optima,1061,CNY,196,Kwinu
822139,511,Tres-Zap,Previa,1304,RUB,264,Browsecat
135526,512,Kanlam,Grand Prix,1353,IDR,704,Yotz
363635,513,Gembucket,PT Cruiser,629,PHP,530,Jazzy
580131,514,Lotlux,SX4,1653,CNY,753,Edgepulse
780401,515,Tampflex,CC,473,RUB,916,Edgeblab
154504,516,Aerified,B-Series,1912,AFN,766,Skippad
424429,517,Konklab,NSX,2812,ILS,428,Jamia
518524,518,Tres-Zap,3 Series,338,CNY,840,Topdrive
117876,519,Cookley,SRX,1106,HUF,908,Yamia
995697,520,Job,F-Series,1320,CNY,599,Oyonder
717366,521,Y-find,Truck,3369,EUR,782,Brainsphere
757984,522,Sonsing,Suburban 1500,2760,KWD,486,Feedfire
237251,523,Namfix,QX,715,EUR,296,Wikizz
569021,524,Latlux,Avenger,3444,EUR,570,Thoughtmix
935150,525,Lotstring,Ranger,3488,CAD,282,Wikizz
154673,526,Lotstring,Countach,2887,IDR,700,Skipstorm
744298,527,Zaam-Dox,Impreza,990,EUR,554,Pixope
241991,528,Sonsing,NV1500,3817,CNY,754,Skaboo
804522,529,Voyatouch,Mustang,2673,RUB,366,Centimia
328802,530,Ronstring,Escalade ESV,2552,IDR,434,Jetpulse
604360,531,Sonsing,Town Car,1095,EUR,953,Quamba
699008,532,Zamit,Laser,2327,CNY,368,Eire
398809,533,Flexidy,Econoline E350,2113,NGN,479,Tagtune
123381,534,Greenlam,Yukon Denali,611,IDR,429,Tanoodle
375423,535,Sonsing,S80,1301,CNY,510,Gigabox
807419,536,Trippledex,Sonoma Club Coupe,1379,PHP,760,Realblab
295950,537,Sub-Ex,SC,2633,EUR,100,Yodoo
369908,538,Ventosanzap,E150,2569,MYR,778,Thoughtblab
365346,539,Rank,Impreza,2542,IDR,450,Oodoo
766122,540,Andalax,IS,1830,BRL,368,Dabvine
370707,541,Bitchip,Caravan,2635,EUR,799,Edgeblab
688977,542,Vagram,3 Series,657,EUR,966,Skinte
845047,543,Span,928,2691,IDR,781,Quamba
596814,544,It,Century,581,IDR,216,Skalith
639847,545,Biodex,Explorer,1977,PLN,206,Snaptags
986344,546,Konklux,Silhouette,3876,PLN,119,Realpoint
367262,547,Bytecard,Monte Carlo,2286,RUB,774,Photofeed
144475,548,Fix San,G,1106,EUR,881,Bubblebox
637503,549,Otcom,Grand Caravan,3196,BRL,533,Rhyloo
749353,550,Voltsillam,Daytona,3185,CNY,137,Avaveo
137900,551,Bitchip,Corvette,2899,EUR,650,Riffwire
474337,552,Vagram,A6,3684,MNT,723,Pixope
763891,553,Fintone,Sierra 2500,3342,THB,686,Kanoodle
230595,554,Asoka,X5,2019,RUB,428,Izio
187715,555,Hatity,LS,2143,USD,838,Realfire
931975,556,Mat Lam Tam,Camaro,3989,RSD,877,Demimbu
272483,557,Alpha,Grand Caravan,3487,EUR,226,Jamia
377000,558,Rank,Corvette,2891,EUR,551,Jabbersphere
190449,559,Sonsing,Impreza,2961,UAH,507,Quatz
186205,560,Cookley,Tercel,1766,USD,391,Brainlounge
246456,561,Redhold,V8 Vantage,1423,CNY,395,Divavu
311128,562,Opela,Mazda6,3029,RUB,458,Twinte
609079,563,Keylex,MKX,1872,BRL,436,Kwilith
179193,564,Cookley,Taurus,3288,IDR,574,JumpXS
751491,565,Stim,Express 2500,3010,RUB,565,Rhyloo
347323,566,Bytecard,Phaeton,3542,ILS,862,Mydo
354664,567,Tampflex,LR2,1058,COP,221,Meezzy
404667,568,Konklux,Impala SS,2866,BSD,900,Nlounge
250743,569,Transcof,Esteem,495,IDR,762,Thoughtbeat
932072,570,Quo Lux,Amigo,647,CNY,303,Quatz
982968,571,Zathin,Swift,2332,BYR,185,Oozz
673560,572,Sonair,Entourage,1641,COP,920,Flashspan
967338,573,Zamit,850,1893,PLN,516,Eabox
639956,574,Alphazap,S40,313,MNT,448,Linklinks
806918,575,Toughjoyfax,5 Series,2726,EUR,328,Yozio
873366,576,Gembucket,Pathfinder,1056,USD,347,Edgeclub
453977,577,Andalax,MDX,2878,RUB,183,Voonyx
654273,578,Otcom,Ram Wagon B350,3831,COP,102,Dynava
416570,579,Temp,5 Series,1171,RUB,720,Skidoo
893623,580,Bytecard,Intrepid,2502,CNY,692,Feednation
500755,581,Pannier,Kizashi,2077,BOB,945,Divavu
712038,582,Subin,Ranger,1523,IDR,443,Browsezoom
135487,583,Sub-Ex,Mazda5,2635,EUR,223,Realpoint
763931,584,Quo Lux,Sephia,2923,PEN,925,Thoughtblab
589905,585,Transcof,Concorde,1530,PLN,694,Jayo
165688,586,Tin,RX-7,235,GTQ,110,Voomm
470608,587,Tresom,F150,537,SAR,784,Thoughtmix
688983,588,Cardify,Sonata,3059,CAD,940,Edgepulse
936111,589,Temp,Insight,3002,PHP,657,Tambee
212758,590,Veribet,Contour,3825,SEK,589,Kwideo
916390,591,Ronstring,Ranger,962,NZD,417,Blogtags
239104,592,Voyatouch,S10,1207,MYR,959,Linktype
444837,593,Subin,CLK-Class,2474,EUR,975,Tavu
731946,594,Daltfresh,Millenia,700,SEK,553,Bluezoom
915227,595,Cookley,tC,1745,IDR,664,Browsetype
461515,596,Cardguard,QX,3048,JPY,948,Yoveo
963100,597,Fintone,Escort,1594,AMD,448,Dynabox
934980,598,Sub-Ex,Cobalt SS,3701,IDR,457,Minyx
815752,599,Duobam,Ram 3500,1390,IDR,549,Midel
305613,600,Job,CX-9,2792,CNY,175,Gabtune
730323,601,Opela,Laser,1115,CNY,409,Divape
536135,602,Daltfresh,Typ-1,441,USD,922,Realbuzz
650423,603,Flowdesk,Rendezvous,1460,TZS,534,Yodo
705320,604,Y-find,S-Class,1782,SDG,991,Wikibox
807692,605,Zaam-Dox,XLR,2801,PLN,343,Linklinks
619795,606,Bitwolf,XT,2601,EUR,432,Meemm
321467,607,Lotstring,Expo,1339,IDR,533,Teklist
644993,608,Fix San,Model S,438,PLN,618,Photojam
443672,609,Toughjoyfax,XLR,960,RUB,126,Blogspan
999569,610,Ventosanzap,MKS,313,CNY,711,Topicshots
922741,611,Voyatouch,6 Series,438,IDR,110,Voonyx
676112,612,Temp,G-Class,1109,MRO,887,Ntag
331495,613,Ventosanzap,Yaris,593,RUB,129,Flipopia
640155,614,Treeflex,Sierra 2500,1259,GMD,221,Quinu
537927,615,Fix San,Yukon,1706,IDR,316,Meeveo
363884,616,Bitchip,Avalanche,1184,ARS,861,Centimia
200030,617,Toughjoyfax,E-Class,2008,RUB,417,DabZ
976823,618,Sonsing,FJ Cruiser,3906,IDR,761,Meevee
193091,619,Tresom,Savana 2500,3354,EGP,560,Wordware
297382,620,Zamit,LeBaron,1326,IDR,862,Zazio
752353,621,Biodex,Expedition,1358,IDR,724,Skinte
507407,622,Alpha,Prowler,2859,RUB,351,Buzzster
853452,623,Kanlam,Accord Crosstour,1329,LKR,285,Fivespan
410485,624,Solarbreeze,Vantage,1991,VEF,150,Browsezoom
409474,625,Hatity,6000,3519,CNY,460,JumpXS
228784,626,Trippledex,ES,1822,ZMW,634,Dynabox
165598,627,Flowdesk,Truck,2663,PHP,412,Eare
738752,628,It,911,1994,BYR,620,Oyonder
582389,629,Wrapsafe,LeSabre,3207,BRL,592,Oyondu
855258,630,Zoolab,Express 1500,408,MAD,278,Shuffledrive
201385,631,Viva,Ranger,1851,PHP,872,Dynabox
293412,632,Pannier,Outlander Sport,3752,PHP,278,Photolist
816027,633,Opela,LSS,3465,IDR,122,Flashdog
730960,634,Trippledex,Exige,1231,UAH,301,Talane
473696,635,Pannier,E-Class,1119,SEK,675,Myworks
833709,636,Temp,911,2158,JPY,397,Blogtags
848470,637,Matsoft,A8,2052,ILS,755,Meeveo
656330,638,Home Ing,Sierra 1500,3982,UZS,842,Wikizz
667506,639,Tin,Mustang,583,NGN,843,Feedbug
557447,640,Overhold,G6,651,BOB,486,Abata
633530,641,Wrapsafe,5 Series,2413,RUB,348,Realbridge
142426,642,Cardguard,Mustang,401,CRC,536,Twitterworks
464947,643,Quo Lux,Sierra 2500,2955,OMR,104,Realbridge
760912,644,Konklab,MX-6,852,CNY,545,Skiptube
475345,645,Transcof,Elise,3839,ARS,970,Bubblebox
835415,646,Overhold,Daytona,3130,IDR,713,Yambee
217519,647,Flowdesk,Diamante,2145,CZK,871,Photobug
596556,648,Voyatouch,GTI,2628,SEK,644,Agimba
841886,649,Temp,Sable,2843,BRL,191,Shufflester
199164,650,Otcom,Park Avenue,511,SEK,840,Twiyo
478064,651,Sonsing,Reventón,1232,RUB,286,Oyoloo
476219,652,Duobam,M5,1444,IDR,455,Yacero
318172,653,Prodder,Canyon,1548,JPY,419,Gigazoom
883753,654,Overhold,Skylark,1405,RUB,802,Snaptags
826268,655,Cookley,Taurus,1312,CAD,433,Podcat
678475,656,Konklux,Town & Country,2354,PHP,732,Skalith
576913,657,Stringtough,Riviera,3642,RUB,583,Devify
324443,658,Otcom,E350,2453,TZS,500,Innojam
795330,659,Keylex,960,3974,PHP,361,Skidoo
209799,660,Biodex,F150,1659,PLN,117,Yozio
781475,661,Sub-Ex,New Beetle,2274,CNY,717,Browsetype
195649,662,Quo Lux,CTS-V,3640,VND,886,Brainsphere
607732,663,Fixflex,M,3514,CNY,831,Tazzy
644278,664,Vagram,M3,1911,CNY,132,Zoonder
157515,665,Zamit,Santa Fe,2991,CVE,495,Tagtune
260781,666,Bitwolf,Sebring,3818,EUR,498,Voonix
249158,667,Trippledex,Crossfire Roadster,1898,CNY,334,Tagpad
885328,668,Sub-Ex,Murano,3629,RUB,228,Chatterpoint
840054,669,Fintone,Fortwo,1173,RUB,925,Gigabox
341540,670,Lotlux,H1,3123,NZD,171,Kazu
535267,671,Stringtough,Pajero,349,MYR,484,DabZ
917847,672,Mat Lam Tam,Rodeo,3730,UAH,291,Kwinu
819160,673,Duobam,LR2,1884,ALL,895,Agimba
712255,674,Stim,Firefly,1955,ARS,195,Gabvine
616878,675,Mat Lam Tam,C70,3468,CUP,346,Youopia
295536,676,Keylex,M,234,CNY,966,Divavu
357894,677,Zoolab,S60,3970,BRL,968,Buzzbean
341349,678,Opela,G37,545,AMD,348,Demimbu
115241,679,Bitwolf,Stratus,1153,EUR,390,Trudoo
780716,680,Domainer,Town Car,343,RUB,612,Babblestorm
743072,681,Fintone,Celica,3513,EUR,398,Mydeo
255992,682,Opela,Tracker,1881,JPY,469,Lazz
133631,683,Solarbreeze,Town & Country,1458,CNY,522,Trupe
339941,684,Pannier,Eclipse,2985,COP,943,Shuffledrive
365493,685,Toughjoyfax,Accent,1586,USD,352,Skiba
688198,686,Regrant,SLX,615,MKD,758,Agivu
872499,687,Transcof,CR-V,1955,HNL,857,Twitterlist
371117,688,Domainer,1500,990,CNY,782,Flipopia
135227,689,Rank,Enclave,1038,PHP,859,Oyoba
709520,690,Bigtax,Sequoia,2741,EUR,500,Tazz
624235,691,Span,Countach,766,CNY,722,Brainbox
183006,692,Stringtough,Monaro,296,VND,744,Aibox
963311,693,Regrant,Phantom,1805,EUR,709,Meeveo
517781,694,Biodex,S4,1305,EUR,795,Youspan
618116,695,Subin,Expedition,3361,CNY,847,Jayo
979193,696,Bamity,M,3018,CNY,214,Edgeblab
663262,697,Stronghold,Econoline E250,1602,EUR,421,Ooba
984635,698,Aerified,ZDX,3061,NGN,675,Devify
261338,699,Overhold,Swift,2858,EUR,884,Podcat
784557,700,Fixflex,Cordia,1802,IDR,143,Vipe
689921,701,Voltsillam,X3,1395,PLN,588,Yadel
307414,702,Sonsing,Regal,2082,PHP,130,Skivee
356833,703,Hatity,Quattro,961,NGN,922,Podcat
817491,704,Tin,Dakota,581,IDR,981,Dablist
859549,705,Latlux,Mirage,1670,EUR,230,Realmix
811774,706,Alpha,TrailBlazer,981,SYP,840,Riffpath
260344,707,Solarbreeze,Econoline E350,2999,JPY,245,Meeveo
298101,708,Pannier,Aero 8,1839,CNY,623,Bluezoom
274703,709,Domainer,Lumina,1404,BRL,769,Aimbu
240358,710,Sub-Ex,Exige,2597,EUR,539,Topdrive
707386,711,Ventosanzap,XG350,3709,PEN,621,Kanoodle
810978,712,Lotstring,Compass,407,CZK,238,Oozz
620421,713,Fintone,Sonoma Club Coupe,2997,CUP,965,Skyndu
756260,714,Span,Sunbird,3536,SEK,316,Dabjam
604530,715,Fixflex,Firebird,3261,PHP,810,Wordtune
452033,716,Zontrax,500SL,3378,JPY,785,Vinte
933262,717,Fix San,Sequoia,3628,IDR,606,Eire
501682,718,Konklux,Corvette,396,RUB,416,Leexo
964594,719,Matsoft,Boxster,2688,TND,746,Roomm
571437,720,Y-Solowarm,Monte Carlo,3663,THB,174,Mynte
667066,721,Viva,Eclipse,3214,THB,922,Mydeo
751709,722,Rank,CLS-Class,1870,IDR,511,Skinix
554076,723,Rank,Navigator,1842,ALL,705,Twiyo
996661,724,Tin,Passat,234,IDR,179,Jayo
347749,725,Voyatouch,Equinox,2695,SEK,299,Voomm
964402,726,Holdlamis,Econoline E250,3847,RUB,658,Dabjam
615557,727,Zamit,Chariot,282,CNY,608,Livefish
836869,728,Tempsoft,Voyager,1069,CNY,412,Brainverse
671685,729,Regrant,V70,2040,ZAR,666,Lajo
836518,730,Y-Solowarm,Bronco,2155,CNY,731,Topiclounge
859964,731,Bigtax,Sierra 2500,3646,CNY,350,Realmix
817634,732,Mat Lam Tam,RX-7,381,SEK,304,Fatz
534749,733,Gembucket,Escalade,3856,ZMW,146,Chatterbridge
969065,734,Zathin,Dakota,1877,CNY,491,Skibox
158509,735,Bitwolf,Accord Crosstour,1820,CNY,532,Blognation
298789,736,Span,Rodeo Sport,1509,RUB,376,Eidel
401386,737,Transcof,Range Rover,1436,IDR,595,Dazzlesphere
941364,738,Bamity,Elantra,1509,CNY,426,Edgetag
225581,739,Tampflex,F250,686,ILS,936,Zoombox
209796,740,Treeflex,Avenger,3178,CNY,714,Riffwire
890506,741,Home Ing,300,386,BRL,819,Fiveclub
244881,742,Holdlamis,Firefly,3113,ILS,202,Skajo
870153,743,Gembucket,Avalanche 1500,3511,CNY,985,Jatri
124685,744,Greenlam,Caprice,1243,THB,999,Buzzster
256092,745,Y-find,M-Class,2711,RUB,459,Jabbersphere
865360,746,Alphazap,Monte Carlo,2569,EUR,131,Nlounge
820545,747,Bytecard,Corvette,934,CNY,345,Tekfly
255593,748,Alphazap,Civic,1928,CNY,587,Mynte
605906,749,Domainer,Rondo,3469,IRR,853,Babbleopia
720363,750,Subin,Grand Prix,328,RUB,524,Realbridge
888014,751,Cardify,Metro,2134,IDR,866,Myworks
750765,752,Fintone,LeSabre,1035,IDR,564,Gevee
219228,753,Namfix,Express,631,MMK,763,Jetwire
894172,754,Sonair,Storm,883,IDR,737,Jabberbean
858081,755,Bamity,LX,2245,PHP,993,Thoughtstorm
184629,756,Tampflex,Aspire,2045,PHP,934,Riffpath
813671,757,Lotstring,I,409,USD,445,Linklinks
300319,758,Domainer,Transit Connect,203,CNY,852,Gigazoom
781716,759,Cardguard,Cabriolet,204,CNY,996,Brainbox
579240,760,Solarbreeze,Mulsanne,2332,PAB,201,Meeveo
894742,761,Zaam-Dox,CL,3486,ZAR,911,Mybuzz
925120,762,Zamit,CR-V,3427,CNY,657,Fatz
413906,763,Holdlamis,Suburban 2500,3163,IDR,340,Skajo
523194,764,Bytecard,F-Series,2143,CZK,860,Oyondu
443732,765,Tres-Zap,X3,2637,CNY,288,Meedoo
617363,766,Sonsing,XJ Series,3362,MYR,756,Quimba
216229,767,Treeflex,Trooper,1073,CNY,873,Twinder
497119,768,Stringtough,SL-Class,3609,CNY,450,Shufflebeat
413392,769,Tampflex,Escort ZX2,2124,COP,223,Aibox
496095,770,Sonsing,Corvette,2280,EUR,371,Thoughtsphere
346646,771,Domainer,DB9,2375,CNY,702,Zoomdog
573224,772,Transcof,Grand Marquis,3776,CNY,365,Yambee
249753,773,Overhold,Caravan,2738,UGX,246,Devbug
604170,774,Cookley,Accord,2800,USD,712,Fanoodle
556012,775,Asoka,HHR Panel,1477,PLN,359,Chatterpoint
439323,776,Duobam,A6,427,XCD,170,Devbug
202364,777,Namfix,Envoy XUV,1311,IRR,323,Trudoo
255928,778,Y-find,Land Cruiser,2911,MXN,757,Mydeo
955876,779,Home Ing,Voyager,2053,RUB,444,Digitube
355976,780,Mat Lam Tam,GT500,1841,PLN,577,Yabox
135691,781,Quo Lux,Concorde,2886,ARS,180,Yodel
509748,782,Keylex,A4,1537,CNY,113,Flipbug
655439,783,Tres-Zap,Trooper,570,BRL,155,Blogtags
516342,784,Lotlux,Mustang,2384,CAD,380,Fivebridge
836147,785,Ronstring,Highlander,3698,PLN,699,Thoughtmix
496996,786,Andalax,Vantage,3628,ILS,145,Bubblemix
458309,787,Wrapsafe,MX-6,1616,XOF,677,Photofeed
671027,788,Zontrax,458 Italia,393,PLN,773,Skimia
843288,789,Alpha,Caravan,3240,EUR,272,Photojam
290008,790,Zontrax,Sierra 1500,2131,CNY,817,Jaxbean
279787,791,Regrant,Sedona,2452,MXN,239,Kare
417496,792,Zoolab,Outlander Sport,2107,CNY,591,Buzzster
851814,793,Hatity,New Yorker,2483,CNY,723,Voomm
161831,794,Asoka,Pathfinder,1967,IDR,852,Zoomcast
845988,795,Regrant,Grand Prix,3277,AFN,107,Zazio
857398,796,Regrant,XLR-V,2636,RUB,507,Topicstorm
532428,797,Aerified,Supra,548,CNY,528,Devpulse
670770,798,It,Civic GX,1262,JMD,977,Twitterlist
700354,799,Quo Lux,RAV4,3009,CNY,703,Gabtype
511505,800,Konklab,Montana,3956,CNY,579,Zooxo
140149,801,Veribet,Corvette,3921,CNY,437,Twiyo
606259,802,Holdlamis,Explorer,2279,CNY,266,Buzzdog
291018,803,Latlux,LS,1827,ILS,841,Blogtags
186360,804,Trippledex,Suburban 2500,1141,RUB,275,Trudoo
285659,805,Zathin,Santa Fe,3473,BRL,540,Oyoloo
619734,806,Zamit,Sierra 2500,1149,CNY,843,Devbug
122781,807,Mat Lam Tam,Metro,3428,BRL,828,Thoughtbeat
582676,808,Toughjoyfax,Yukon,2667,IDR,372,Meevee
288811,809,Gembucket,SL-Class,864,CNY,141,Feedspan
964742,810,Viva,MR2,1067,ALL,422,Yambee
982419,811,It,Regal,2417,CNY,281,Jaxnation
387116,812,Holdlamis,Ram Van 3500,2071,BRL,281,Realfire
618686,813,Bigtax,Tracer,3192,IDR,492,Voolia
669282,814,Sub-Ex,F-Series Super Duty,1958,PLN,291,Zoovu
400896,815,Holdlamis,9-3,3670,EUR,311,Fadeo
202269,816,Holdlamis,V70,2838,IDR,394,Blognation
317093,817,Opela,Express 3500,2896,CNY,856,Midel
518963,818,Hatity,Samurai,1136,PEN,686,Twinte
781459,819,Transcof,I,3049,BRL,364,Rhynyx
507943,820,Trippledex,Gemini,3517,IDR,278,DabZ
957357,821,Wrapsafe,Silverado 1500,2312,CUP,673,Flashpoint
413962,822,Regrant,Grand Marquis,2375,BDT,762,Tagpad
980599,823,Pannier,Fox,913,GHS,948,Eadel
422915,824,Mat Lam Tam,Pacifica,1374,CNY,647,Eare
287796,825,It,Tempest,1771,ILS,768,Rhynoodle
136557,826,It,Silverado,2584,ARS,739,Divanoodle
912096,827,Stringtough,968,2697,BRL,835,Kayveo
573454,828,Otcom,GTI,465,IDR,686,Midel
812492,829,Stringtough,Eldorado,1542,NGN,670,Flashpoint
619835,830,Y-Solowarm,Silhouette,2865,CZK,289,Meevee
889887,831,Namfix,Flex,2510,THB,322,Demimbu
842263,832,Fintone,E-Series,2549,ARS,274,Lazz
253395,833,Kanlam,Yukon XL 1500,1204,RUB,787,Layo
434780,834,Duobam,Vantage,1746,BAM,877,Wikizz
219273,835,Daltfresh,T100 Xtra,528,IDR,986,Tagfeed
749501,836,Fixflex,Compass,541,SEK,451,Aivee
920818,837,Regrant,Altima,2455,PLN,181,Jabbersphere
114435,838,Otcom,LR3,384,MXN,890,Browsedrive
611734,839,Treeflex,S-Class,901,PHP,830,Jaxnation
299684,840,Sonsing,Caravan,3148,CNY,713,Eamia
869318,841,Viva,Malibu,1320,IDR,788,Zooveo
208769,842,Pannier,Protege5,560,TZS,255,Devify
826818,843,Vagram,S10,1251,EUR,122,Quinu
467650,844,Temp,Mustang,3222,THB,692,Podcat
257955,845,Sonsing,Mighty Max,758,CNY,686,Wikido
924301,846,Konklab,TrailBlazer,1345,CNY,252,Wikizz
973456,847,Zoolab,Cherokee,1467,IDR,514,Yotz
830429,848,Veribet,Paseo,522,MMK,102,Skinix
769638,849,Voltsillam,Montana,3888,VND,365,Zoombox
718139,850,Andalax,Tacoma Xtra,2423,CNY,323,Blogtag
979764,851,Toughjoyfax,2500,1944,EUR,273,Bluezoom
370776,852,Bitchip,F250,1822,PHP,394,Gigashots
204048,853,Tresom,Tucson,2921,PKR,592,Miboo
687390,854,Trippledex,Celica,1362,CNY,884,Twiyo
187924,855,Subin,Truck,1027,CNY,792,Realpoint
131078,856,Quo Lux,Tacoma,1862,EUR,973,Jabbersphere
296761,857,Zaam-Dox,Elise,3930,ETB,207,Realpoint
361311,858,Hatity,Sienna,846,IDR,808,Innotype
416919,859,Fixflex,98,3893,RUB,234,Yacero
479532,860,Tres-Zap,GX,1920,PLN,168,Gabcube
684836,861,Bamity,F350,1428,CNY,720,Yoveo
778156,862,Daltfresh,M3,3301,RUB,780,Blogtag
470669,863,Sonair,Taurus,2269,RUB,546,Browsetype
208585,864,Trippledex,Swift,2199,AZN,224,Rhybox
334532,865,Toughjoyfax,Sundance,3474,USD,493,Edgepulse
343842,866,Biodex,F250,713,XAF,617,Yodoo
461470,867,Daltfresh,MR2,2159,CNY,905,Realfire
533828,868,Daltfresh,Mazda5,311,PLN,222,Kwinu
754062,869,Otcom,Impala SS,3725,CNY,866,Oyoyo
422674,870,Tres-Zap,300,2623,CNY,755,Jatri
825421,871,Daltfresh,XL-7,3671,CNY,241,Tekfly
945962,872,Fintone,Mighty Max Macro,2107,BWP,317,Tagtune
165364,873,Span,IS-F,899,SEK,491,Blogpad
193596,874,Stringtough,5 Series,3730,EUR,605,Eidel
962044,875,Opela,Pilot,445,AMD,374,Vidoo
140678,876,Trippledex,Altima,1531,PHP,765,Mybuzz
194355,877,It,200,3671,CAD,484,Chatterbridge
502860,878,Duobam,Town & Country,704,EUR,326,Photolist
338936,879,Andalax,IPL G,2515,PLN,603,Skyndu
320189,880,Y-Solowarm,Sigma,437,CNY,730,Bluejam
961532,881,Konklab,Mazda6 5-Door,3485,CNY,257,Edgetag
117872,882,Bamity,Sprinter 2500,2496,EUR,567,Blogpad
755765,883,Pannier,Fury,1625,EUR,712,Demizz
825195,884,Mat Lam Tam,Express 1500,3362,IDR,407,Mudo
664826,885,Hatity,Tacoma,1856,CNY,412,Blogpad
449972,886,Flowdesk,F-Series Super Duty,940,IDR,963,Voonix
873688,887,Cookley,A8,972,LKR,379,Divavu
173259,888,Quo Lux,Aspire,273,THB,667,Quatz
519239,889,Lotlux,Cougar,1115,EGP,471,Skyble
534535,890,Y-Solowarm,Frontier,1046,UGX,671,Edgeify
784491,891,Wrapsafe,Torrent,1921,CNY,228,Midel
957795,892,Lotstring,TL,2150,UAH,806,Innotype
305075,893,Bitchip,Swift,3177,PHP,352,Zoombox
369518,894,Aerified,Silverado 2500,2921,CNY,461,Mynte
667947,895,Opela,Express 1500,1332,EUR,237,Dabfeed
457030,896,Gembucket,Pathfinder,398,PHP,794,Quimba
920524,897,Bigtax,TT,262,ALL,317,Wikibox
796889,898,Viva,Insight,3968,BSD,661,Snaptags
890429,899,Temp,Sienna,825,THB,296,Realmix
844049,900,Trippledex,Skylark,3139,USD,641,Pixonyx
858776,901,Y-Solowarm,Villager,1268,PHP,853,Kazu
610035,902,Bigtax,S4,3809,HTG,154,Quatz
698681,903,Mat Lam Tam,XJ Series,555,CNY,278,Brainlounge
189740,904,Viva,Dakota,261,CNY,241,Avavee
200780,905,Toughjoyfax,Supra,777,COP,305,Pixoboo
318681,906,Stim,Ranger,3374,CNY,730,Photolist
944147,907,Lotlux,B9 Tribeca,215,CAD,160,Yadel
825587,908,It,Avalon,3450,NGN,924,Livetube
869647,909,Y-find,Eclipse,2728,KPW,137,Yata
790606,910,Ventosanzap,S-Type,2862,PLN,299,Meezzy
644677,911,Job,Eldorado,470,EUR,441,Quimba
808240,912,Fix San,Safari,2479,IDR,574,Edgetag
848618,913,Tampflex,900,1613,MXN,851,Wikivu
714018,914,Voyatouch,Mountaineer,1156,USD,753,Abatz
890364,915,Konklab,Astro,2465,PHP,915,Livetube
385894,916,Konklux,Intrepid,1103,LYD,688,Kazu
900833,917,Holdlamis,240SX,1333,USD,261,Eadel
298769,918,Stringtough,GX,1014,BRL,863,Meevee
838690,919,Latlux,Ram Wagon B350,2862,EUR,249,Gabtune
518984,920,Biodex,Frontier,1032,ARS,127,Nlounge
515452,921,Job,LeSabre,1593,CNY,920,Yombu
507994,922,Ventosanzap,CTS,1868,NGN,677,Linkbridge
657537,923,Cookley,2500,409,EUR,733,Zoomlounge
759241,924,Sub-Ex,Insight,1420,EUR,536,Aibox
372606,925,Veribet,MX-3,2555,CNY,566,Linkbuzz
212070,926,Zontrax,Aspire,2076,CNY,188,Nlounge
560596,927,Quo Lux,Esperante,1815,RUB,787,Topiclounge
866324,928,Voyatouch,L300,2316,BGN,864,Jabberstorm
587039,929,Gembucket,Sebring,2448,UAH,343,Vitz
288251,930,Bytecard,Murciélago,3402,RUB,919,Kimia
145436,931,Tres-Zap,Rio,968,BRL,359,Pixonyx
992099,932,Fix San,Esteem,1464,SEK,884,Innotype
394638,933,Alpha,Ram 1500 Club,2187,CNY,893,Skaboo
100977,934,Mat Lam Tam,Riviera,1224,IDR,729,Browsecat
937303,935,Ronstring,Pajero,961,VEF,307,Trupe
552867,936,Bitchip,IS F,314,SEK,620,InnoZ
521950,937,Sub-Ex,Econoline E350,1165,RUB,315,Linkbuzz
140388,938,Home Ing,911,913,MYR,939,Dabvine
264442,939,Rank,RX-7,1439,MXN,637,Jaxworks
851006,940,Bigtax,Freestyle,2862,SYP,526,Twinte
868230,941,Zontrax,Wrangler,3727,SEK,236,Fivechat
453004,942,Mat Lam Tam,9-5,3977,EUR,885,Voolia
510404,943,Regrant,S-Class,3012,KZT,731,Voonder
457260,944,Fintone,Cobalt SS,2739,CNY,381,Linkbuzz
251235,945,Prodder,C70,381,USD,962,Yodel
305160,946,Stronghold,M,1864,SEK,107,Omba
151141,947,Hatity,XC90,468,USD,389,Roombo
454020,948,Zaam-Dox,Grand Marquis,3328,PLN,663,Jatri
203387,949,Namfix,Legacy,3971,NZD,245,Quinu
810910,950,Tresom,XJ Series,2703,PLN,796,Jetpulse
508914,951,Konklab,IS-F,495,THB,821,Feedspan
900543,952,Quo Lux,Wrangler,737,RUB,979,Meevee
311989,953,Job,Ram Van 2500,3739,UAH,962,Browsecat
907280,954,Toughjoyfax,Festiva,3173,CNY,105,Wordpedia
864719,955,Viva,Leone,2434,MGA,419,Yamia
719626,956,Vagram,Canyon,452,EUR,877,Bubblemix
710052,957,Alphazap,928,1830,CNY,423,Voolith
169106,958,Gembucket,Montero,2717,JPY,172,Jetwire
207742,959,Veribet,Murciélago,2523,CNY,905,Podcat
934771,960,Opela,Discovery,2892,PHP,654,Twimm
427145,961,Fintone,Metro,2766,HNL,244,Lazzy
741743,962,Fintone,Silverado 2500,332,IDR,354,Quatz
869712,963,Mat Lam Tam,4Runner,3058,IDR,657,Ozu
265256,964,Sub-Ex,LeSabre,2073,CZK,555,Yambee
470718,965,Quo Lux,Ram 1500 Club,1181,EUR,721,Dynabox
704976,966,Pannier,Camry,207,XOF,991,Rhyloo
817997,967,Namfix,Boxster,2841,JPY,446,Zooveo
482731,968,Voyatouch,Stratus,1057,HNL,889,Zoomcast
841272,969,Y-find,Exige,1637,CNY,947,Realpoint
383980,970,Tampflex,Discovery,3093,EUR,140,Plambee
750025,971,Home Ing,Mark VIII,240,CNY,823,Reallinks
445368,972,Cardify,Th!nk,952,CNY,176,Thoughtstorm
427478,973,Ventosanzap,Odyssey,2090,BAM,945,Digitube
219524,974,Fixflex,Mountaineer,3734,VND,746,Jaxbean
144770,975,Domainer,Compass,2502,CAD,616,Dabshots
452644,976,Sub-Ex,Galant,2912,JPY,187,Skiptube
752781,977,Voyatouch,Element,3762,IDR,915,Twimbo
856932,978,Cardguard,G-Series G30,281,EUR,542,Tagtune
596131,979,Y-Solowarm,Corvette,2174,ARS,943,Centimia
588376,980,Voltsillam,E150,1061,RUB,559,Eazzy
379996,981,Bytecard,300SE,1707,THB,241,Rhynyx
775763,982,Alphazap,S4,965,ARS,794,Buzzdog
328378,983,Wrapsafe,Leone,2794,RUB,733,Skiptube
577044,984,Mat Lam Tam,80,228,RUB,521,Zoovu
666223,985,Daltfresh,Grand Voyager,2792,CNY,869,Rhynoodle
554471,986,Redhold,Eurovan,2968,RUB,680,Cogidoo
672885,987,Overhold,Sable,1038,RWF,904,Twimm
551810,988,Duobam,Milan,3793,CZK,489,Twitternation
666933,989,Namfix,Pathfinder,1185,USD,758,Bluejam
720336,990,Holdlamis,Sierra 1500,3235,CNY,550,Blognation
208401,991,Job,Yukon,2469,SEK,301,Roomm
116572,992,Viva,350Z,3498,BOB,674,Tagfeed
960849,993,Cardguard,Explorer Sport Trac,858,VND,783,Bluejam
749867,994,Job,Phantom,3163,RUB,534,Yodoo
140795,995,Voyatouch,Cavalier,2846,BRL,369,Quinu
895895,996,Span,A3,748,CNY,660,Brainverse
384175,997,Tres-Zap,Frontier,2931,MAD,615,Photobug
149020,998,Job,Grand Prix,3894,CNY,330,Gabspot
636644,999,Greenlam,Savana 3500,491,MMK,293,Linktype
421961,1000,Domainer,SC,2231,CNY,799,Jabberstorm
